scope,protocol,dataset,dataset_split,dataset_sha256,representation,model,pca_dim,n_samples,data_seed,split_id,train_samples,val_samples,test_samples,minority_label,test_minority_samples,svc_c,c_selection,c_grid,kernel_normalization,train_minority_f1,val_minority_f1,test_minority_f1,test_accuracy,test_auc
open_data_surrogate,upstream_baseline,PneumoniaMNIST,official_train_resplit_80_10_10,8190553f2fc4ee41cd210a11616b488448e6d5ad4eb57cb0263f6e3f8907d011,raw_pixels,qsvm,4,500,0,436882a1f677daf14e64f79d1aea11f3c68b2cff17faa53759aff9286eef94c8,400,50,50,normal,12,1.0,fixed,1.0,upstream_trace,0.0,0.7407407407407407,0.8181818181818182,0.92,0.9035087719298246
open_data_surrogate,classical_c1,PneumoniaMNIST,official_train_resplit_80_10_10,8190553f2fc4ee41cd210a11616b488448e6d5ad4eb57cb0263f6e3f8907d011,raw_pixels,linear_svm,4,500,0,436882a1f677daf14e64f79d1aea11f3c68b2cff17faa53759aff9286eef94c8,400,50,50,normal,12,1.0,fixed,1.0,none,0.8444444444444444,0.6666666666666666,0.8695652173913043,0.94,0.993421052631579
open_data_surrogate,classical_rbf_validation_tuned,PneumoniaMNIST,official_train_resplit_80_10_10,8190553f2fc4ee41cd210a11616b488448e6d5ad4eb57cb0263f6e3f8907d011,raw_pixels,rbf_svm,4,500,0,436882a1f677daf14e64f79d1aea11f3c68b2cff17faa53759aff9286eef94c8,400,50,50,normal,12,10.0,validation_minority_f1,"0.01,0.1,1.0,10.0,100.0",none,0.9206349206349206,0.8,0.8181818181818182,0.92,0.9769736842105264
open_data_surrogate,upstream_baseline,PneumoniaMNIST,official_train_resplit_80_10_10,8190553f2fc4ee41cd210a11616b488448e6d5ad4eb57cb0263f6e3f8907d011,raw_pixels,qsvm,4,500,1,3341a8769bd842a7abe8baf5d0b71b7741f5ffd12c1e62fbac3520e4a4f8aeea,400,50,50,normal,13,1.0,fixed,1.0,upstream_trace,0.0,0.8,0.8125,0.88,0.8918918918918919
open_data_surrogate,classical_c1,PneumoniaMNIST,official_train_resplit_80_10_10,8190553f2fc4ee41cd210a11616b488448e6d5ad4eb57cb0263f6e3f8907d011,raw_pixels,linear_svm,4,500,1,3341a8769bd842a7abe8baf5d0b71b7741f5ffd12c1e62fbac3520e4a4f8aeea,400,50,50,normal,13,1.0,fixed,1.0,none,0.7839195979899497,0.7,0.8,0.9,0.948024948024948
open_data_surrogate,classical_rbf_validation_tuned,PneumoniaMNIST,official_train_resplit_80_10_10,8190553f2fc4ee41cd210a11616b488448e6d5ad4eb57cb0263f6e3f8907d011,raw_pixels,rbf_svm,4,500,1,3341a8769bd842a7abe8baf5d0b71b7741f5ffd12c1e62fbac3520e4a4f8aeea,400,50,50,normal,13,100.0,validation_minority_f1,"0.01,0.1,1.0,10.0,100.0",none,0.914572864321608,0.8181818181818182,0.8571428571428571,0.92,0.9334719334719336
open_data_surrogate,upstream_baseline,PneumoniaMNIST,official_train_resplit_80_10_10,8190553f2fc4ee41cd210a11616b488448e6d5ad4eb57cb0263f6e3f8907d011,raw_pixels,qsvm,4,500,2,efeeea7fb3745a66dd6aa16b6aaf69297662574967f7d3ec3ada6f87ef8e27d4,400,50,50,normal,14,1.0,fixed,1.0,upstream_trace,0.0,0.8148148148148148,0.7058823529411765,0.8,0.8253968253968255
open_data_surrogate,classical_c1,PneumoniaMNIST,official_train_resplit_80_10_10,8190553f2fc4ee41cd210a11616b488448e6d5ad4eb57cb0263f6e3f8907d011,raw_pixels,linear_svm,4,500,2,efeeea7fb3745a66dd6aa16b6aaf69297662574967f7d3ec3ada6f87ef8e27d4,400,50,50,normal,14,1.0,fixed,1.0,none,0.8544600938967136,0.6956521739130435,0.6896551724137931,0.82,0.9226190476190476
open_data_surrogate,classical_rbf_validation_tuned,PneumoniaMNIST,official_train_resplit_80_10_10,8190553f2fc4ee41cd210a11616b488448e6d5ad4eb57cb0263f6e3f8907d011,raw_pixels,rbf_svm,4,500,2,efeeea7fb3745a66dd6aa16b6aaf69297662574967f7d3ec3ada6f87ef8e27d4,400,50,50,normal,14,1.0,validation_minority_f1,"0.01,0.1,1.0,10.0,100.0",none,0.8878923766816144,0.8,0.75,0.84,0.9206349206349208
open_data_surrogate,upstream_baseline,PneumoniaMNIST,official_train_resplit_80_10_10,8190553f2fc4ee41cd210a11616b488448e6d5ad4eb57cb0263f6e3f8907d011,raw_pixels,qsvm,4,500,3,7f88edeafa8e3557a1da200364a043cf5850679a59ef4d94d006b7ff4fbebcd1,400,50,50,normal,12,1.0,fixed,1.0,upstream_trace,0.0,0.7857142857142857,0.8,0.88,0.8947368421052632
open_data_surrogate,classical_c1,PneumoniaMNIST,official_train_resplit_80_10_10,8190553f2fc4ee41cd210a11616b488448e6d5ad4eb57cb0263f6e3f8907d011,raw_pixels,linear_svm,4,500,3,7f88edeafa8e3557a1da200364a043cf5850679a59ef4d94d006b7ff4fbebcd1,400,50,50,normal,12,1.0,fixed,1.0,none,0.7734806629834254,0.8,0.6363636363636364,0.84,0.9364035087719298
open_data_surrogate,classical_rbf_validation_tuned,PneumoniaMNIST,official_train_resplit_80_10_10,8190553f2fc4ee41cd210a11616b488448e6d5ad4eb57cb0263f6e3f8907d011,raw_pixels,rbf_svm,4,500,3,7f88edeafa8e3557a1da200364a043cf5850679a59ef4d94d006b7ff4fbebcd1,400,50,50,normal,12,10.0,validation_minority_f1,"0.01,0.1,1.0,10.0,100.0",none,0.8497409326424871,0.8,0.6666666666666666,0.84,0.8618421052631579
open_data_surrogate,upstream_baseline,PneumoniaMNIST,official_train_resplit_80_10_10,8190553f2fc4ee41cd210a11616b488448e6d5ad4eb57cb0263f6e3f8907d011,raw_pixels,qsvm,4,500,4,bbbd80a9b921c7f882e1ec40cb8e5ad48b84bd081cbf16432239d54557c4cdc2,400,50,50,normal,14,1.0,fixed,1.0,upstream_trace,0.0,0.9230769230769232,0.7647058823529411,0.84,0.8660714285714286
open_data_surrogate,classical_c1,PneumoniaMNIST,official_train_resplit_80_10_10,8190553f2fc4ee41cd210a11616b488448e6d5ad4eb57cb0263f6e3f8907d011,raw_pixels,linear_svm,4,500,4,bbbd80a9b921c7f882e1ec40cb8e5ad48b84bd081cbf16432239d54557c4cdc2,400,50,50,normal,14,1.0,fixed,1.0,none,0.7909090909090909,0.782608695652174,0.7857142857142857,0.88,0.9325396825396824
open_data_surrogate,classical_rbf_validation_tuned,PneumoniaMNIST,official_train_resplit_80_10_10,8190553f2fc4ee41cd210a11616b488448e6d5ad4eb57cb0263f6e3f8907d011,raw_pixels,rbf_svm,4,500,4,bbbd80a9b921c7f882e1ec40cb8e5ad48b84bd081cbf16432239d54557c4cdc2,400,50,50,normal,14,1.0,validation_minority_f1,"0.01,0.1,1.0,10.0,100.0",none,0.832579185520362,0.88,0.72,0.86,0.9444444444444444
open_data_surrogate,upstream_baseline,PneumoniaMNIST,official_train_resplit_80_10_10,8190553f2fc4ee41cd210a11616b488448e6d5ad4eb57cb0263f6e3f8907d011,raw_pixels,qsvm,4,500,5,4d2450e095f5efc89e0af184083fe6ea25ab5cccdded480fecf0882c21310f9c,400,50,50,normal,12,1.0,fixed,1.0,upstream_trace,0.0,0.8461538461538461,0.8148148148148148,0.9,0.9057017543859648
open_data_surrogate,classical_c1,PneumoniaMNIST,official_train_resplit_80_10_10,8190553f2fc4ee41cd210a11616b488448e6d5ad4eb57cb0263f6e3f8907d011,raw_pixels,linear_svm,4,500,5,4d2450e095f5efc89e0af184083fe6ea25ab5cccdded480fecf0882c21310f9c,400,50,50,normal,12,1.0,fixed,1.0,none,0.8725490196078431,0.8333333333333334,0.8461538461538461,0.92,0.9692982456140352
open_data_surrogate,classical_rbf_validation_tuned,PneumoniaMNIST,official_train_resplit_80_10_10,8190553f2fc4ee41cd210a11616b488448e6d5ad4eb57cb0263f6e3f8907d011,raw_pixels,rbf_svm,4,500,5,4d2450e095f5efc89e0af184083fe6ea25ab5cccdded480fecf0882c21310f9c,400,50,50,normal,12,0.1,validation_minority_f1,"0.01,0.1,1.0,10.0,100.0",none,0.8172043010752689,0.8181818181818182,0.9166666666666666,0.96,0.969298245614035
open_data_surrogate,upstream_baseline,PneumoniaMNIST,official_train_resplit_80_10_10,8190553f2fc4ee41cd210a11616b488448e6d5ad4eb57cb0263f6e3f8907d011,raw_pixels,qsvm,4,500,6,b740fb899d767bea8a9ce5b6002f7b74a12f307bd862c98020293447e7b63540,400,50,50,normal,13,1.0,fixed,1.0,upstream_trace,0.0,0.88,0.9166666666666666,0.96,0.9615384615384616
open_data_surrogate,classical_c1,PneumoniaMNIST,official_train_resplit_80_10_10,8190553f2fc4ee41cd210a11616b488448e6d5ad4eb57cb0263f6e3f8907d011,raw_pixels,linear_svm,4,500,6,b740fb899d767bea8a9ce5b6002f7b74a12f307bd862c98020293447e7b63540,400,50,50,normal,13,1.0,fixed,1.0,none,0.7540983606557377,0.8333333333333334,0.8181818181818182,0.92,0.9667359667359668
open_data_surrogate,classical_rbf_validation_tuned,PneumoniaMNIST,official_train_resplit_80_10_10,8190553f2fc4ee41cd210a11616b488448e6d5ad4eb57cb0263f6e3f8907d011,raw_pixels,rbf_svm,4,500,6,b740fb899d767bea8a9ce5b6002f7b74a12f307bd862c98020293447e7b63540,400,50,50,normal,13,0.1,validation_minority_f1,"0.01,0.1,1.0,10.0,100.0",none,0.718562874251497,0.9090909090909092,0.8181818181818182,0.92,0.9625779625779626
open_data_surrogate,upstream_baseline,PneumoniaMNIST,official_train_resplit_80_10_10,8190553f2fc4ee41cd210a11616b488448e6d5ad4eb57cb0263f6e3f8907d011,raw_pixels,qsvm,4,500,7,64d98918d85162e334f688b5a2643dfe256a89d0ee0e9fef384061bb29e532de,400,50,50,normal,11,1.0,fixed,1.0,upstream_trace,0.0,0.88,0.7619047619047619,0.9,0.8834498834498833
open_data_surrogate,classical_c1,PneumoniaMNIST,official_train_resplit_80_10_10,8190553f2fc4ee41cd210a11616b488448e6d5ad4eb57cb0263f6e3f8907d011,raw_pixels,linear_svm,4,500,7,64d98918d85162e334f688b5a2643dfe256a89d0ee0e9fef384061bb29e532de,400,50,50,normal,11,1.0,fixed,1.0,none,0.8044692737430168,0.7272727272727273,0.7058823529411765,0.9,0.958041958041958
open_data_surrogate,classical_rbf_validation_tuned,PneumoniaMNIST,official_train_resplit_80_10_10,8190553f2fc4ee41cd210a11616b488448e6d5ad4eb57cb0263f6e3f8907d011,raw_pixels,rbf_svm,4,500,7,64d98918d85162e334f688b5a2643dfe256a89d0ee0e9fef384061bb29e532de,400,50,50,normal,11,1.0,validation_minority_f1,"0.01,0.1,1.0,10.0,100.0",none,0.8587570621468926,0.8333333333333334,0.5,0.84,0.9254079254079254
open_data_surrogate,upstream_baseline,PneumoniaMNIST,official_train_resplit_80_10_10,8190553f2fc4ee41cd210a11616b488448e6d5ad4eb57cb0263f6e3f8907d011,raw_pixels,qsvm,4,500,8,1b9661f7df695a8d7c0f08b5e11a225430338492909453b4adb9c7a6a50dcd1d,400,50,50,normal,13,1.0,fixed,1.0,upstream_trace,0.0,0.896551724137931,0.8148148148148148,0.9,0.869022869022869
open_data_surrogate,classical_c1,PneumoniaMNIST,official_train_resplit_80_10_10,8190553f2fc4ee41cd210a11616b488448e6d5ad4eb57cb0263f6e3f8907d011,raw_pixels,linear_svm,4,500,8,1b9661f7df695a8d7c0f08b5e11a225430338492909453b4adb9c7a6a50dcd1d,400,50,50,normal,13,1.0,fixed,1.0,none,0.8725490196078431,0.9230769230769232,0.6666666666666666,0.84,0.945945945945946
open_data_surrogate,classical_rbf_validation_tuned,PneumoniaMNIST,official_train_resplit_80_10_10,8190553f2fc4ee41cd210a11616b488448e6d5ad4eb57cb0263f6e3f8907d011,raw_pixels,rbf_svm,4,500,8,1b9661f7df695a8d7c0f08b5e11a225430338492909453b4adb9c7a6a50dcd1d,400,50,50,normal,13,1.0,validation_minority_f1,"0.01,0.1,1.0,10.0,100.0",none,0.926829268292683,0.88,0.6956521739130435,0.86,0.9563409563409564
open_data_surrogate,upstream_baseline,PneumoniaMNIST,official_train_resplit_80_10_10,8190553f2fc4ee41cd210a11616b488448e6d5ad4eb57cb0263f6e3f8907d011,raw_pixels,qsvm,4,500,9,53506d95ce2924cbf66c9b76bc3bcefda70aa78b41916f8eaf35f79fba143322,400,50,50,normal,12,1.0,fixed,1.0,upstream_trace,0.0,0.7692307692307693,0.88,0.94,0.9429824561403508
open_data_surrogate,classical_c1,PneumoniaMNIST,official_train_resplit_80_10_10,8190553f2fc4ee41cd210a11616b488448e6d5ad4eb57cb0263f6e3f8907d011,raw_pixels,linear_svm,4,500,9,53506d95ce2924cbf66c9b76bc3bcefda70aa78b41916f8eaf35f79fba143322,400,50,50,normal,12,1.0,fixed,1.0,none,0.75,0.7619047619047619,0.7619047619047619,0.9,0.975877192982456
open_data_surrogate,classical_rbf_validation_tuned,PneumoniaMNIST,official_train_resplit_80_10_10,8190553f2fc4ee41cd210a11616b488448e6d5ad4eb57cb0263f6e3f8907d011,raw_pixels,rbf_svm,4,500,9,53506d95ce2924cbf66c9b76bc3bcefda70aa78b41916f8eaf35f79fba143322,400,50,50,normal,12,1.0,validation_minority_f1,"0.01,0.1,1.0,10.0,100.0",none,0.8275862068965517,0.8695652173913043,0.8571428571428571,0.94,0.9956140350877192
open_data_surrogate,upstream_baseline,PneumoniaMNIST,official_train_resplit_80_10_10,8190553f2fc4ee41cd210a11616b488448e6d5ad4eb57cb0263f6e3f8907d011,raw_pixels,qsvm,6,500,0,436882a1f677daf14e64f79d1aea11f3c68b2cff17faa53759aff9286eef94c8,400,50,50,normal,12,1.0,fixed,1.0,upstream_trace,0.0,0.7142857142857143,0.9090909090909092,0.96,0.8771929824561403
open_data_surrogate,classical_c1,PneumoniaMNIST,official_train_resplit_80_10_10,8190553f2fc4ee41cd210a11616b488448e6d5ad4eb57cb0263f6e3f8907d011,raw_pixels,linear_svm,6,500,0,436882a1f677daf14e64f79d1aea11f3c68b2cff17faa53759aff9286eef94c8,400,50,50,normal,12,1.0,fixed,1.0,none,0.8287292817679558,0.64,0.8695652173913043,0.94,0.993421052631579
open_data_surrogate,classical_rbf_validation_tuned,PneumoniaMNIST,official_train_resplit_80_10_10,8190553f2fc4ee41cd210a11616b488448e6d5ad4eb57cb0263f6e3f8907d011,raw_pixels,rbf_svm,6,500,0,436882a1f677daf14e64f79d1aea11f3c68b2cff17faa53759aff9286eef94c8,400,50,50,normal,12,10.0,validation_minority_f1,"0.01,0.1,1.0,10.0,100.0",none,0.9430051813471504,0.8,0.8571428571428571,0.94,0.9605263157894736
open_data_surrogate,upstream_baseline,PneumoniaMNIST,official_train_resplit_80_10_10,8190553f2fc4ee41cd210a11616b488448e6d5ad4eb57cb0263f6e3f8907d011,raw_pixels,qsvm,6,500,1,3341a8769bd842a7abe8baf5d0b71b7741f5ffd12c1e62fbac3520e4a4f8aeea,400,50,50,normal,13,1.0,fixed,1.0,upstream_trace,0.0,0.88,0.8125,0.88,0.9054054054054056
open_data_surrogate,classical_c1,PneumoniaMNIST,official_train_resplit_80_10_10,8190553f2fc4ee41cd210a11616b488448e6d5ad4eb57cb0263f6e3f8907d011,raw_pixels,linear_svm,6,500,1,3341a8769bd842a7abe8baf5d0b71b7741f5ffd12c1e62fbac3520e4a4f8aeea,400,50,50,normal,13,1.0,fixed,1.0,none,0.82,0.7619047619047619,0.7692307692307693,0.88,0.945945945945946
open_data_surrogate,classical_rbf_validation_tuned,PneumoniaMNIST,official_train_resplit_80_10_10,8190553f2fc4ee41cd210a11616b488448e6d5ad4eb57cb0263f6e3f8907d011,raw_pixels,rbf_svm,6,500,1,3341a8769bd842a7abe8baf5d0b71b7741f5ffd12c1e62fbac3520e4a4f8aeea,400,50,50,normal,13,10.0,validation_minority_f1,"0.01,0.1,1.0,10.0,100.0",none,0.926605504587156,0.8181818181818182,0.8571428571428571,0.92,0.9688149688149688
open_data_surrogate,upstream_baseline,PneumoniaMNIST,official_train_resplit_80_10_10,8190553f2fc4ee41cd210a11616b488448e6d5ad4eb57cb0263f6e3f8907d011,raw_pixels,qsvm,6,500,2,efeeea7fb3745a66dd6aa16b6aaf69297662574967f7d3ec3ada6f87ef8e27d4,400,50,50,normal,14,1.0,fixed,1.0,upstream_trace,0.0,0.8571428571428571,0.7567567567567568,0.82,0.875
open_data_surrogate,classical_c1,PneumoniaMNIST,official_train_resplit_80_10_10,8190553f2fc4ee41cd210a11616b488448e6d5ad4eb57cb0263f6e3f8907d011,raw_pixels,linear_svm,6,500,2,efeeea7fb3745a66dd6aa16b6aaf69297662574967f7d3ec3ada6f87ef8e27d4,400,50,50,normal,14,1.0,fixed,1.0,none,0.8450704225352113,0.75,0.7142857142857143,0.84,0.9365079365079364
open_data_surrogate,classical_rbf_validation_tuned,PneumoniaMNIST,official_train_resplit_80_10_10,8190553f2fc4ee41cd210a11616b488448e6d5ad4eb57cb0263f6e3f8907d011,raw_pixels,rbf_svm,6,500,2,efeeea7fb3745a66dd6aa16b6aaf69297662574967f7d3ec3ada6f87ef8e27d4,400,50,50,normal,14,1.0,validation_minority_f1,"0.01,0.1,1.0,10.0,100.0",none,0.905829596412556,0.7692307692307693,0.7272727272727273,0.82,0.9305555555555556
open_data_surrogate,upstream_baseline,PneumoniaMNIST,official_train_resplit_80_10_10,8190553f2fc4ee41cd210a11616b488448e6d5ad4eb57cb0263f6e3f8907d011,raw_pixels,qsvm,6,500,3,7f88edeafa8e3557a1da200364a043cf5850679a59ef4d94d006b7ff4fbebcd1,400,50,50,normal,12,1.0,fixed,1.0,upstream_trace,0.0,0.8461538461538461,0.6896551724137931,0.82,0.8530701754385965
open_data_surrogate,classical_c1,PneumoniaMNIST,official_train_resplit_80_10_10,8190553f2fc4ee41cd210a11616b488448e6d5ad4eb57cb0263f6e3f8907d011,raw_pixels,linear_svm,6,500,3,7f88edeafa8e3557a1da200364a043cf5850679a59ef4d94d006b7ff4fbebcd1,400,50,50,normal,12,1.0,fixed,1.0,none,0.8152173913043478,0.75,0.7619047619047619,0.9,0.9473684210526316
open_data_surrogate,classical_rbf_validation_tuned,PneumoniaMNIST,official_train_resplit_80_10_10,8190553f2fc4ee41cd210a11616b488448e6d5ad4eb57cb0263f6e3f8907d011,raw_pixels,rbf_svm,6,500,3,7f88edeafa8e3557a1da200364a043cf5850679a59ef4d94d006b7ff4fbebcd1,400,50,50,normal,12,1.0,validation_minority_f1,"0.01,0.1,1.0,10.0,100.0",none,0.8677248677248677,0.7692307692307693,0.6956521739130435,0.86,0.9583333333333334
open_data_surrogate,upstream_baseline,PneumoniaMNIST,official_train_resplit_80_10_10,8190553f2fc4ee41cd210a11616b488448e6d5ad4eb57cb0263f6e3f8907d011,raw_pixels,qsvm,6,500,4,bbbd80a9b921c7f882e1ec40cb8e5ad48b84bd081cbf16432239d54557c4cdc2,400,50,50,normal,14,1.0,fixed,1.0,upstream_trace,0.0,0.8275862068965517,0.7567567567567568,0.82,0.875
open_data_surrogate,classical_c1,PneumoniaMNIST,official_train_resplit_80_10_10,8190553f2fc4ee41cd210a11616b488448e6d5ad4eb57cb0263f6e3f8907d011,raw_pixels,linear_svm,6,500,4,bbbd80a9b921c7f882e1ec40cb8e5ad48b84bd081cbf16432239d54557c4cdc2,400,50,50,normal,14,1.0,fixed,1.0,none,0.8672566371681416,0.8333333333333334,0.8275862068965517,0.9,0.9603174603174602
open_data_surrogate,classical_rbf_validation_tuned,PneumoniaMNIST,official_train_resplit_80_10_10,8190553f2fc4ee41cd210a11616b488448e6d5ad4eb57cb0263f6e3f8907d011,raw_pixels,rbf_svm,6,500,4,bbbd80a9b921c7f882e1ec40cb8e5ad48b84bd081cbf16432239d54557c4cdc2,400,50,50,normal,14,10.0,validation_minority_f1,"0.01,0.1,1.0,10.0,100.0",none,0.944206008583691,0.8888888888888888,0.8387096774193549,0.9,0.9642857142857142
open_data_surrogate,upstream_baseline,PneumoniaMNIST,official_train_resplit_80_10_10,8190553f2fc4ee41cd210a11616b488448e6d5ad4eb57cb0263f6e3f8907d011,raw_pixels,qsvm,6,500,5,4d2450e095f5efc89e0af184083fe6ea25ab5cccdded480fecf0882c21310f9c,400,50,50,normal,12,1.0,fixed,1.0,upstream_trace,0.0,0.8461538461538461,0.8148148148148148,0.9,0.9342105263157896
open_data_surrogate,classical_c1,PneumoniaMNIST,official_train_resplit_80_10_10,8190553f2fc4ee41cd210a11616b488448e6d5ad4eb57cb0263f6e3f8907d011,raw_pixels,linear_svm,6,500,5,4d2450e095f5efc89e0af184083fe6ea25ab5cccdded480fecf0882c21310f9c,400,50,50,normal,12,1.0,fixed,1.0,none,0.8669950738916257,0.8333333333333334,0.88,0.94,0.9714912280701754
open_data_surrogate,classical_rbf_validation_tuned,PneumoniaMNIST,official_train_resplit_80_10_10,8190553f2fc4ee41cd210a11616b488448e6d5ad4eb57cb0263f6e3f8907d011,raw_pixels,rbf_svm,6,500,5,4d2450e095f5efc89e0af184083fe6ea25ab5cccdded480fecf0882c21310f9c,400,50,50,normal,12,1.0,validation_minority_f1,"0.01,0.1,1.0,10.0,100.0",none,0.8942307692307693,0.7692307692307693,0.88,0.94,0.9649122807017544
open_data_surrogate,upstream_baseline,PneumoniaMNIST,official_train_resplit_80_10_10,8190553f2fc4ee41cd210a11616b488448e6d5ad4eb57cb0263f6e3f8907d011,raw_pixels,qsvm,6,500,6,b740fb899d767bea8a9ce5b6002f7b74a12f307bd862c98020293447e7b63540,400,50,50,normal,13,1.0,fixed,1.0,upstream_trace,0.0,0.88,0.96,0.98,0.9615384615384616
open_data_surrogate,classical_c1,PneumoniaMNIST,official_train_resplit_80_10_10,8190553f2fc4ee41cd210a11616b488448e6d5ad4eb57cb0263f6e3f8907d011,raw_pixels,linear_svm,6,500,6,b740fb899d767bea8a9ce5b6002f7b74a12f307bd862c98020293447e7b63540,400,50,50,normal,13,1.0,fixed,1.0,none,0.8393782383419689,0.9166666666666666,0.9166666666666666,0.96,0.9667359667359668
open_data_surrogate,classical_rbf_validation_tuned,PneumoniaMNIST,official_train_resplit_80_10_10,8190553f2fc4ee41cd210a11616b488448e6d5ad4eb57cb0263f6e3f8907d011,raw_pixels,rbf_svm,6,500,6,b740fb899d767bea8a9ce5b6002f7b74a12f307bd862c98020293447e7b63540,400,50,50,normal,13,1.0,validation_minority_f1,"0.01,0.1,1.0,10.0,100.0",none,0.8730964467005076,0.9565217391304348,0.96,0.98,0.9604989604989606
open_data_surrogate,upstream_baseline,PneumoniaMNIST,official_train_resplit_80_10_10,8190553f2fc4ee41cd210a11616b488448e6d5ad4eb57cb0263f6e3f8907d011,raw_pixels,qsvm,6,500,7,64d98918d85162e334f688b5a2643dfe256a89d0ee0e9fef384061bb29e532de,400,50,50,normal,11,1.0,fixed,1.0,upstream_trace,0.0,0.8148148148148148,0.8181818181818182,0.92,0.916083916083916
open_data_surrogate,classical_c1,PneumoniaMNIST,official_train_resplit_80_10_10,8190553f2fc4ee41cd210a11616b488448e6d5ad4eb57cb0263f6e3f8907d011,raw_pixels,linear_svm,6,500,7,64d98918d85162e334f688b5a2643dfe256a89d0ee0e9fef384061bb29e532de,400,50,50,normal,11,1.0,fixed,1.0,none,0.8181818181818182,0.782608695652174,0.5882352941176471,0.86,0.965034965034965
open_data_surrogate,classical_rbf_validation_tuned,PneumoniaMNIST,official_train_resplit_80_10_10,8190553f2fc4ee41cd210a11616b488448e6d5ad4eb57cb0263f6e3f8907d011,raw_pixels,rbf_svm,6,500,7,64d98918d85162e334f688b5a2643dfe256a89d0ee0e9fef384061bb29e532de,400,50,50,normal,11,1.0,validation_minority_f1,"0.01,0.1,1.0,10.0,100.0",none,0.8700564971751412,0.8333333333333334,0.7368421052631579,0.9,0.9603729603729604
open_data_surrogate,upstream_baseline,PneumoniaMNIST,official_train_resplit_80_10_10,8190553f2fc4ee41cd210a11616b488448e6d5ad4eb57cb0263f6e3f8907d011,raw_pixels,qsvm,6,500,8,1b9661f7df695a8d7c0f08b5e11a225430338492909453b4adb9c7a6a50dcd1d,400,50,50,normal,13,1.0,fixed,1.0,upstream_trace,0.0,0.9285714285714286,0.8571428571428571,0.92,0.9074844074844076
open_data_surrogate,classical_c1,PneumoniaMNIST,official_train_resplit_80_10_10,8190553f2fc4ee41cd210a11616b488448e6d5ad4eb57cb0263f6e3f8907d011,raw_pixels,linear_svm,6,500,8,1b9661f7df695a8d7c0f08b5e11a225430338492909453b4adb9c7a6a50dcd1d,400,50,50,normal,13,1.0,fixed,1.0,none,0.912621359223301,0.9230769230769232,0.75,0.88,0.945945945945946
open_data_surrogate,classical_rbf_validation_tuned,PneumoniaMNIST,official_train_resplit_80_10_10,8190553f2fc4ee41cd210a11616b488448e6d5ad4eb57cb0263f6e3f8907d011,raw_pixels,rbf_svm,6,500,8,1b9661f7df695a8d7c0f08b5e11a225430338492909453b4adb9c7a6a50dcd1d,400,50,50,normal,13,1.0,validation_minority_f1,"0.01,0.1,1.0,10.0,100.0",none,0.9423076923076924,0.9629629629629628,0.7272727272727273,0.88,0.9313929313929314
open_data_surrogate,upstream_baseline,PneumoniaMNIST,official_train_resplit_80_10_10,8190553f2fc4ee41cd210a11616b488448e6d5ad4eb57cb0263f6e3f8907d011,raw_pixels,qsvm,6,500,9,53506d95ce2924cbf66c9b76bc3bcefda70aa78b41916f8eaf35f79fba143322,400,50,50,normal,12,1.0,fixed,1.0,upstream_trace,0.0,0.7857142857142857,0.8461538461538461,0.92,0.9473684210526316
open_data_surrogate,classical_c1,PneumoniaMNIST,official_train_resplit_80_10_10,8190553f2fc4ee41cd210a11616b488448e6d5ad4eb57cb0263f6e3f8907d011,raw_pixels,linear_svm,6,500,9,53506d95ce2924cbf66c9b76bc3bcefda70aa78b41916f8eaf35f79fba143322,400,50,50,normal,12,1.0,fixed,1.0,none,0.768361581920904,0.75,0.782608695652174,0.9,0.9692982456140352
open_data_surrogate,classical_rbf_validation_tuned,PneumoniaMNIST,official_train_resplit_80_10_10,8190553f2fc4ee41cd210a11616b488448e6d5ad4eb57cb0263f6e3f8907d011,raw_pixels,rbf_svm,6,500,9,53506d95ce2924cbf66c9b76bc3bcefda70aa78b41916f8eaf35f79fba143322,400,50,50,normal,12,1.0,validation_minority_f1,"0.01,0.1,1.0,10.0,100.0",none,0.8505747126436781,0.88,0.9090909090909092,0.96,0.9890350877192982
merlin_photonic_adaptation,fixed_circuit_seed_0,PneumoniaMNIST,official_train_resplit_80_10_10,8190553f2fc4ee41cd210a11616b488448e6d5ad4eb57cb0263f6e3f8907d011,raw_pixels,merlin_fidelity,4,500,0,436882a1f677daf14e64f79d1aea11f3c68b2cff17faa53759aff9286eef94c8,400,50,50,normal,12,1.0,fixed,1.0,none,0.8087431693989071,0.7272727272727273,0.8571428571428571,0.94,0.9846491228070176
merlin_photonic_adaptation,fixed_circuit_seed_0,PneumoniaMNIST,official_train_resplit_80_10_10,8190553f2fc4ee41cd210a11616b488448e6d5ad4eb57cb0263f6e3f8907d011,raw_pixels,merlin_fidelity,4,500,1,3341a8769bd842a7abe8baf5d0b71b7741f5ffd12c1e62fbac3520e4a4f8aeea,400,50,50,normal,13,1.0,fixed,1.0,none,0.7878787878787878,0.8181818181818182,0.8461538461538461,0.92,0.9521829521829522
merlin_photonic_adaptation,fixed_circuit_seed_0,PneumoniaMNIST,official_train_resplit_80_10_10,8190553f2fc4ee41cd210a11616b488448e6d5ad4eb57cb0263f6e3f8907d011,raw_pixels,merlin_fidelity,4,500,2,efeeea7fb3745a66dd6aa16b6aaf69297662574967f7d3ec3ada6f87ef8e27d4,400,50,50,normal,14,1.0,fixed,1.0,none,0.8727272727272727,0.8,0.7741935483870968,0.86,0.9305555555555555
merlin_photonic_adaptation,fixed_circuit_seed_0,PneumoniaMNIST,official_train_resplit_80_10_10,8190553f2fc4ee41cd210a11616b488448e6d5ad4eb57cb0263f6e3f8907d011,raw_pixels,merlin_fidelity,4,500,3,7f88edeafa8e3557a1da200364a043cf5850679a59ef4d94d006b7ff4fbebcd1,400,50,50,normal,12,1.0,fixed,1.0,none,0.7802197802197802,0.782608695652174,0.6,0.84,0.9210526315789473
merlin_photonic_adaptation,fixed_circuit_seed_0,PneumoniaMNIST,official_train_resplit_80_10_10,8190553f2fc4ee41cd210a11616b488448e6d5ad4eb57cb0263f6e3f8907d011,raw_pixels,merlin_fidelity,4,500,4,bbbd80a9b921c7f882e1ec40cb8e5ad48b84bd081cbf16432239d54557c4cdc2,400,50,50,normal,14,1.0,fixed,1.0,none,0.7605633802816901,0.782608695652174,0.6666666666666666,0.82,0.9166666666666666
merlin_photonic_adaptation,fixed_circuit_seed_0,PneumoniaMNIST,official_train_resplit_80_10_10,8190553f2fc4ee41cd210a11616b488448e6d5ad4eb57cb0263f6e3f8907d011,raw_pixels,merlin_fidelity,4,500,5,4d2450e095f5efc89e0af184083fe6ea25ab5cccdded480fecf0882c21310f9c,400,50,50,normal,12,1.0,fixed,1.0,none,0.8272251308900523,0.782608695652174,0.88,0.94,0.9671052631578948
merlin_photonic_adaptation,fixed_circuit_seed_0,PneumoniaMNIST,official_train_resplit_80_10_10,8190553f2fc4ee41cd210a11616b488448e6d5ad4eb57cb0263f6e3f8907d011,raw_pixels,merlin_fidelity,4,500,6,b740fb899d767bea8a9ce5b6002f7b74a12f307bd862c98020293447e7b63540,400,50,50,normal,13,1.0,fixed,1.0,none,0.7675675675675676,0.8695652173913043,0.8695652173913043,0.94,0.972972972972973
merlin_photonic_adaptation,fixed_circuit_seed_0,PneumoniaMNIST,official_train_resplit_80_10_10,8190553f2fc4ee41cd210a11616b488448e6d5ad4eb57cb0263f6e3f8907d011,raw_pixels,merlin_fidelity,4,500,7,64d98918d85162e334f688b5a2643dfe256a89d0ee0e9fef384061bb29e532de,400,50,50,normal,11,1.0,fixed,1.0,none,0.8241758241758241,0.782608695652174,0.5,0.84,0.9487179487179487
merlin_photonic_adaptation,fixed_circuit_seed_0,PneumoniaMNIST,official_train_resplit_80_10_10,8190553f2fc4ee41cd210a11616b488448e6d5ad4eb57cb0263f6e3f8907d011,raw_pixels,merlin_fidelity,4,500,8,1b9661f7df695a8d7c0f08b5e11a225430338492909453b4adb9c7a6a50dcd1d,400,50,50,normal,13,1.0,fixed,1.0,none,0.8944723618090452,0.88,0.7272727272727273,0.88,0.9480249480249481
merlin_photonic_adaptation,fixed_circuit_seed_0,PneumoniaMNIST,official_train_resplit_80_10_10,8190553f2fc4ee41cd210a11616b488448e6d5ad4eb57cb0263f6e3f8907d011,raw_pixels,merlin_fidelity,4,500,9,53506d95ce2924cbf66c9b76bc3bcefda70aa78b41916f8eaf35f79fba143322,400,50,50,normal,12,1.0,fixed,1.0,none,0.7745664739884393,0.8181818181818182,0.8571428571428571,0.94,0.9890350877192982
merlin_photonic_adaptation,fixed_circuit_seed_0,PneumoniaMNIST,official_train_resplit_80_10_10,8190553f2fc4ee41cd210a11616b488448e6d5ad4eb57cb0263f6e3f8907d011,raw_pixels,merlin_fidelity,6,500,0,436882a1f677daf14e64f79d1aea11f3c68b2cff17faa53759aff9286eef94c8,400,50,50,normal,12,1.0,fixed,1.0,none,0.8333333333333334,0.7272727272727273,0.8571428571428571,0.94,0.9956140350877194
merlin_photonic_adaptation,fixed_circuit_seed_0,PneumoniaMNIST,official_train_resplit_80_10_10,8190553f2fc4ee41cd210a11616b488448e6d5ad4eb57cb0263f6e3f8907d011,raw_pixels,merlin_fidelity,6,500,1,3341a8769bd842a7abe8baf5d0b71b7741f5ffd12c1e62fbac3520e4a4f8aeea,400,50,50,normal,13,1.0,fixed,1.0,none,0.8557692307692307,0.8181818181818182,0.7857142857142857,0.88,0.9438669438669438
merlin_photonic_adaptation,fixed_circuit_seed_0,PneumoniaMNIST,official_train_resplit_80_10_10,8190553f2fc4ee41cd210a11616b488448e6d5ad4eb57cb0263f6e3f8907d011,raw_pixels,merlin_fidelity,6,500,2,efeeea7fb3745a66dd6aa16b6aaf69297662574967f7d3ec3ada6f87ef8e27d4,400,50,50,normal,14,1.0,fixed,1.0,none,0.8807339449541285,0.8,0.7741935483870968,0.86,0.9345238095238095
merlin_photonic_adaptation,fixed_circuit_seed_0,PneumoniaMNIST,official_train_resplit_80_10_10,8190553f2fc4ee41cd210a11616b488448e6d5ad4eb57cb0263f6e3f8907d011,raw_pixels,merlin_fidelity,6,500,3,7f88edeafa8e3557a1da200364a043cf5850679a59ef4d94d006b7ff4fbebcd1,400,50,50,normal,12,1.0,fixed,1.0,none,0.8111111111111111,0.75,0.6666666666666666,0.86,0.9429824561403509
merlin_photonic_adaptation,fixed_circuit_seed_0,PneumoniaMNIST,official_train_resplit_80_10_10,8190553f2fc4ee41cd210a11616b488448e6d5ad4eb57cb0263f6e3f8907d011,raw_pixels,merlin_fidelity,6,500,4,bbbd80a9b921c7f882e1ec40cb8e5ad48b84bd081cbf16432239d54557c4cdc2,400,50,50,normal,14,1.0,fixed,1.0,none,0.8831168831168831,0.8148148148148148,0.8,0.88,0.9742063492063492
merlin_photonic_adaptation,fixed_circuit_seed_0,PneumoniaMNIST,official_train_resplit_80_10_10,8190553f2fc4ee41cd210a11616b488448e6d5ad4eb57cb0263f6e3f8907d011,raw_pixels,merlin_fidelity,6,500,5,4d2450e095f5efc89e0af184083fe6ea25ab5cccdded480fecf0882c21310f9c,400,50,50,normal,12,1.0,fixed,1.0,none,0.8645833333333334,0.8333333333333334,0.8333333333333334,0.92,0.9736842105263158
merlin_photonic_adaptation,fixed_circuit_seed_0,PneumoniaMNIST,official_train_resplit_80_10_10,8190553f2fc4ee41cd210a11616b488448e6d5ad4eb57cb0263f6e3f8907d011,raw_pixels,merlin_fidelity,6,500,6,b740fb899d767bea8a9ce5b6002f7b74a12f307bd862c98020293447e7b63540,400,50,50,normal,13,1.0,fixed,1.0,none,0.8210526315789474,0.9166666666666666,0.9166666666666666,0.96,0.9646569646569647
merlin_photonic_adaptation,fixed_circuit_seed_0,PneumoniaMNIST,official_train_resplit_80_10_10,8190553f2fc4ee41cd210a11616b488448e6d5ad4eb57cb0263f6e3f8907d011,raw_pixels,merlin_fidelity,6,500,7,64d98918d85162e334f688b5a2643dfe256a89d0ee0e9fef384061bb29e532de,400,50,50,normal,11,1.0,fixed,1.0,none,0.8444444444444444,0.782608695652174,0.5882352941176471,0.86,0.9487179487179487
merlin_photonic_adaptation,fixed_circuit_seed_0,PneumoniaMNIST,official_train_resplit_80_10_10,8190553f2fc4ee41cd210a11616b488448e6d5ad4eb57cb0263f6e3f8907d011,raw_pixels,merlin_fidelity,6,500,8,1b9661f7df695a8d7c0f08b5e11a225430338492909453b4adb9c7a6a50dcd1d,400,50,50,normal,13,1.0,fixed,1.0,none,0.9154228855721394,0.8333333333333334,0.6956521739130435,0.86,0.948024948024948
merlin_photonic_adaptation,fixed_circuit_seed_0,PneumoniaMNIST,official_train_resplit_80_10_10,8190553f2fc4ee41cd210a11616b488448e6d5ad4eb57cb0263f6e3f8907d011,raw_pixels,merlin_fidelity,6,500,9,53506d95ce2924cbf66c9b76bc3bcefda70aa78b41916f8eaf35f79fba143322,400,50,50,normal,12,1.0,fixed,1.0,none,0.7931034482758621,0.8695652173913043,0.782608695652174,0.9,0.9758771929824561
